Fold,Avg Precision,Avg Recall,Avg F1,Avg pr time,Avg rec time
fold_1,10.84967320261438,8.880528955768355,8.673679261914558,0.018375256482292626,0.07449619910296272
fold_2,14.444444444444443,10.167969285616344,10.884961930799307,0.015980411978328928,0.11171059047474581
fold_3,12.222222222222221,11.249592701205605,9.594311168518086,0.017284141646491155,0.124319593111674
fold_4,14.444444444444445,18.52941176470588,15.083376560500742,0.020818193753560383,0.08617839548322889
fold_5,9.753086419753085,10.074955908289242,9.176250522655753,0.0175909333758884,0.04284542136722141