Fold,Avg Precision,Avg Recall,Avg F1,Avg pr time,Avg rec time
fold_1,17.647058823529413,6.834752617624589,9.595582772322576,0.016977997387156767,0.07094346775728114
fold_2,13.823529411764707,7.923859150728415,8.924647696273993,0.01965946309706744,0.10584117384517894
fold_3,13.75,5.384510302733489,6.196768509268509,0.0168265700340271,0.14095018804073334
fold_4,17.5,11.050400217066883,11.628629811360735,0.017746806144714355,0.13113160928090414
fold_5,10.588235294117647,3.701107198237758,5.340472801357412,0.01658025909872616,0.09636399325202494