Fold,Avg Precision,Avg Recall,Avg F1,Avg pr time,Avg rec time
fold_1,12.857142857142858,14.94356833642548,13.04051107622536,0.019456165177481517,0.7725530862808228
fold_2,5.555555555555555,5.246913580246914,4.824208266237251,0.017380105124579534,0.5153389109505547
fold_3,13.75,11.710164835164834,12.010732323232322,0.018126070499420166,0.6487726122140884
fold_4,7.0588235294117645,6.895424836601308,6.2371615312791775,0.020475008908440086,0.6195760334239286
fold_5,5.882352941176471,7.222222222222221,6.265172735760971,0.01851055201362161,0.4010779436896829
fold_6,9.411764705882353,10.87344028520499,9.2296918767507,0.02025291498969583,0.5116315729477826
fold_7,8.571428571428571,14.285714285714283,10.714285714285712,0.01911759376525879,0.32420417240687777
