Fold,Avg Precision,Avg Recall,Avg F1,Avg pr time,Avg rec time
fold_1,15.0,7.579709234120998,9.472703222703222,0.01469266414642334,0.39683173100153607
fold_2,12.0,7.946682946682946,9.166856535277587,0.019129037857055664,0.1991356372833252
fold_3,11.428571428571429,6.110209235209235,7.772108843537414,0.017226781163896834,0.2537611041750227
fold_4,13.333333333333334,4.292729408478934,6.1665544332210995,0.017923959096272788,0.4235748608907064
fold_5,11.666666666666666,15.141093474426809,10.023148148148147,0.014605462551116943,0.29527827103932697
fold_6,7.6923076923076925,12.284382284382284,7.444485339222183,0.017353222920344427,0.24205704835745004
fold_7,10.0,3.2307692307692313,4.814814814814815,0.01699964205423991,0.33572343985239667
