Fold,Avg Precision,Avg Recall,Avg F1,Avg pr time,Avg rec time
80.0,57.14285714285714,66.66666666666666,0.07748556137084961,10.938723802566528
