Fold,Avg Precision,Avg Recall,Avg F1,Avg pr time,Avg rec time
80.0,8.0,14.545454545454545,0.03250265121459961,6.860281229019165
