Fold,Avg Precision,Avg Recall,Avg F1,Avg pr time,Avg rec time
90.0,14.516129032258066,25.0,0.1028134822845459,8.776579141616821
