Fold,Avg Precision,Avg Recall,Avg F1,Avg pr time,Avg rec time
80.0,6.557377049180328,12.121212121212123,0.07795476913452148,8.373837947845459
