Fold,Avg Precision,Avg Recall,Avg F1,Avg pr time,Avg rec time
85.71428571428571,40.0,54.54545454545455,0.0848538875579834,6.846801996231079
