Fold,Avg Precision,Avg Recall,Avg F1,Avg pr time,Avg rec time
90.0,6.521739130434782,12.162162162162161,0.03849959373474121,21.249166011810303
