Fold,Avg Precision,Avg Recall,Avg F1,Avg pr time,Avg rec time
85.71428571428571,6.593406593406594,12.244897959183673,0.07898354530334473,8.619105815887451
