Fold,Avg Precision,Avg Recall,Avg F1,Avg pr time,Avg rec time
85.71428571428571,42.857142857142854,57.142857142857146,0.08513021469116211,8.535458326339722
