Fold,Avg Precision,Avg Recall,Avg F1,Avg pr time,Avg rec time
80.0,14.814814814814813,24.999999999999996,0.035219669342041016,6.886396884918213
