Fold,Avg Precision,Avg Recall,Avg F1,Avg pr time,Avg rec time
100.0,8.064516129032258,14.925373134328359,0.0724632740020752,5.694032192230225
