Fold,Avg Precision,Avg Recall,Avg F1,Avg pr time,Avg rec time
70.0,46.666666666666664,56.0,0.03837776184082031,20.017151355743408
