Fold,Avg Precision,Avg Recall,Avg F1,Avg pr time,Avg rec time
90.0,11.25,20.0,0.07425785064697266,10.874149799346924
