Fold,Avg Precision,Avg Recall,Avg F1,Avg pr time,Avg rec time
85.71428571428571,42.857142857142854,57.142857142857146,0.03810763359069824,6.717932224273682
