Fold,Avg Precision,Avg Recall,Avg F1,Avg pr time,Avg rec time
60.0,27.27272727272727,37.5,0.03590059280395508,7.093910217285156
