Fold,Avg Precision,Avg Recall,Avg F1,Avg pr time,Avg rec time
100.0,4.666666666666667,8.9171974522293,0.03199005126953125,16.056999683380127
