Fold,Avg Precision,Avg Recall,Avg F1,Avg pr time,Avg rec time
100.0,5.376344086021505,10.204081632653061,0.023617982864379883,7.469354867935181
