Fold,Avg Precision,Avg Recall,Avg F1,Avg pr time,Avg rec time
80.0,30.76923076923077,44.44444444444444,0.02790546417236328,6.672613620758057
