Fold,Avg Precision,Avg Recall,Avg F1,Avg pr time,Avg rec time
80.0,50.0,61.53846153846154,0.07839250564575195,8.771151542663574
