Fold,Avg Precision,Avg Recall,Avg F1,Avg pr time,Avg rec time
85.71428571428571,46.15384615384615,60.0,0.08128809928894043,10.430959463119507
