Fold,Avg Precision,Avg Recall,Avg F1,Avg pr time,Avg rec time
60.0,25.0,35.294117647058826,0.02148151397705078,4.516139507293701
