Fold,Avg Precision,Avg Recall,Avg F1,Avg pr time,Avg rec time
60.0,25.0,35.294117647058826,0.07184100151062012,5.624844551086426
