Fold,Avg Precision,Avg Recall,Avg F1,Avg pr time,Avg rec time
100.0,6.097560975609756,11.49425287356322,0.031636714935302734,6.9628448486328125
