Fold,Avg Precision,Avg Recall,Avg F1,Avg pr time,Avg rec time
80.0,5.47945205479452,10.256410256410255,0.07463598251342773,10.142069578170776
