Fold,Avg Precision,Avg Recall,Avg F1,Avg pr time,Avg rec time
100.0,9.876543209876543,17.977528089887638,0.07563447952270508,9.422492980957031
