Fold,Avg Precision,Avg Recall,Avg F1,Avg pr time,Avg rec time
100.0,14.545454545454545,25.396825396825395,0.032111167907714844,5.5362160205841064
