Fold,Avg Precision,Avg Recall,Avg F1,Avg pr time,Avg rec time
100.0,11.475409836065573,20.588235294117645,0.06375622749328613,6.846626043319702
