Fold,Avg Precision,Avg Recall,Avg F1,Avg pr time,Avg rec time
100.0,14.285714285714285,25.0,0.029855966567993164,5.445158958435059
