Fold,Avg Precision,Avg Recall,Avg F1,Avg pr time,Avg rec time
100.0,50.0,66.66666666666667,0.0795907974243164,8.532896280288696
