Fold,Avg Precision,Avg Recall,Avg F1,Avg pr time,Avg rec time
75.0,42.857142857142854,54.54545454545454,0.06970548629760742,8.662256240844727
