Fold,Avg Precision,Avg Recall,Avg F1,Avg pr time,Avg rec time
80.0,4.819277108433735,9.090909090909092,0.07730937004089355,10.396586179733276
