Fold,Avg Precision,Avg Recall,Avg F1,Avg pr time,Avg rec time
75.0,40.0,52.17391304347826,0.025947093963623047,15.929487466812134
