Fold,Avg Precision,Avg Recall,Avg F1,Avg pr time,Avg rec time
80.0,2.898550724637681,5.594405594405594,0.04347515106201172,19.869632720947266
