Fold,Avg Precision,Avg Recall,Avg F1,Avg pr time,Avg rec time
87.5,46.666666666666664,60.869565217391305,0.0819089412689209,6.651846408843994
