Fold,Avg Precision,Avg Recall,Avg F1,Avg pr time,Avg rec time
100.0,6.153846153846154,11.594202898550726,0.030382394790649414,16.488134145736694
