Fold,Avg Precision,Avg Recall,Avg F1,Avg pr time,Avg rec time
100.0,43.75,60.869565217391305,0.07958984375,8.209711074829102
