Fold,Avg Precision,Avg Recall,Avg F1,Avg pr time,Avg rec time
100.0,3.289473684210526,6.369426751592356,0.08030939102172852,14.404153108596802
