Fold,Avg Precision,Avg Recall,Avg F1,Avg pr time,Avg rec time
100.0,8.75,16.091954022988507,0.06921744346618652,8.210165739059448
