Fold,Avg Precision,Avg Recall,Avg F1,Avg pr time,Avg rec time
100.0,11.11111111111111,20.0,0.07840847969055176,8.314252138137817
