Fold,Avg Precision,Avg Recall,Avg F1,Avg pr time,Avg rec time
90.0,12.676056338028168,22.22222222222222,0.0763242244720459,10.984431743621826
