Fold,Avg Precision,Avg Recall,Avg F1,Avg pr time,Avg rec time
100.0,13.114754098360656,23.18840579710145,0.0683135986328125,6.900503873825073
