Fold,Avg Precision,Avg Recall,Avg F1,Avg pr time,Avg rec time
40.0,16.666666666666664,23.529411764705877,0.0741262435913086,13.169553518295288
