Fold,Avg Precision,Avg Recall,Avg F1,Avg pr time,Avg rec time
100.0,9.090909090909092,16.666666666666668,0.03360319137573242,4.703303575515747
