Fold,Avg Precision,Avg Recall,Avg F1,Avg pr time,Avg rec time
87.5,43.75,58.333333333333336,0.08264017105102539,8.234637260437012
