Fold,Avg Precision,Avg Recall,Avg F1,Avg pr time,Avg rec time
100.0,8.75,16.091954022988507,0.04140019416809082,43.21146035194397
