Fold,Avg Precision,Avg Recall,Avg F1,Avg pr time,Avg rec time
60.0,7.317073170731707,13.043478260869565,0.08351302146911621,21.446327686309814
