Fold,Avg Precision,Avg Recall,Avg F1,Avg pr time,Avg rec time
100.0,42.857142857142854,59.99999999999999,0.09533381462097168,23.763503074645996
