Fold,Avg Precision,Avg Recall,Avg F1,Avg pr time,Avg rec time
100.0,7.6923076923076925,14.285714285714286,0.06388354301452637,13.853429079055786
