Fold,Avg Precision,Avg Recall,Avg F1,Avg pr time,Avg rec time
100.0,3.9215686274509802,7.547169811320754,0.03532075881958008,17.594860076904297
