Fold,Avg Precision,Avg Recall,Avg F1,Avg pr time,Avg rec time
100.0,11.538461538461538,20.689655172413794,0.08966779708862305,22.645748138427734
