Fold,Avg Precision,Avg Recall,Avg F1,Avg pr time,Avg rec time
100.0,2.9702970297029703,5.769230769230769,0.07863211631774902,36.080968618392944
