Fold,Avg Precision,Avg Recall,Avg F1,Avg pr time,Avg rec time
100.0,35.714285714285715,52.63157894736842,0.08598089218139648,24.51992630958557
