Fold,Avg Precision,Avg Recall,Avg F1,Avg pr time,Avg rec time
90.0,29.03225806451613,43.90243902439025,0.03517723083496094,16.366726875305176
