Fold,Avg Precision,Avg Recall,Avg F1,Avg pr time,Avg rec time
100.0,5.357142857142857,10.169491525423728,0.03526806831359863,18.580756902694702
