Fold,Avg Precision,Avg Recall,Avg F1,Avg pr time,Avg rec time
80.0,50.0,61.53846153846154,0.048212528228759766,16.37400770187378
