Fold,Avg Precision,Avg Recall,Avg F1,Avg pr time,Avg rec time
85.71428571428571,18.75,30.76923076923077,0.038657188415527344,13.999091863632202
