Fold,Avg Precision,Avg Recall,Avg F1,Avg pr time,Avg rec time
100.0,5.555555555555555,10.526315789473683,0.05011391639709473,44.97828412055969
