Fold,Avg Precision,Avg Recall,Avg F1,Avg pr time,Avg rec time
100.0,11.76470588235294,21.052631578947366,0.04613232612609863,53.628366231918335
