Fold,Avg Precision,Avg Recall,Avg F1,Avg pr time,Avg rec time
100.0,15.384615384615385,26.666666666666668,0.08493232727050781,21.544859409332275
