Fold,Avg Precision,Avg Recall,Avg F1,Avg pr time,Avg rec time
90.0,23.076923076923077,36.73469387755102,0.09518671035766602,20.69879388809204
