Fold,Avg Precision,Avg Recall,Avg F1,Avg pr time,Avg rec time
85.71428571428571,18.181818181818183,30.000000000000004,0.08609342575073242,19.02353262901306
