Fold,Avg Precision,Avg Recall,Avg F1,Avg pr time,Avg rec time
100.0,24.390243902439025,39.21568627450981,0.07340788841247559,26.253358125686646
