Fold,Avg Precision,Avg Recall,Avg F1,Avg pr time,Avg rec time
100.0,15.909090909090908,27.45098039215686,0.08456969261169434,23.079216480255127
