Fold,Avg Precision,Avg Recall,Avg F1,Avg pr time,Avg rec time
100.0,45.45454545454545,62.5,0.07680463790893555,16.817312955856323
