Fold,Avg Precision,Avg Recall,Avg F1,Avg pr time,Avg rec time
100.0,11.363636363636363,20.408163265306122,0.07992863655090332,29.42525315284729
