Fold,Avg Precision,Avg Recall,Avg F1,Avg pr time,Avg rec time
85.71428571428571,54.54545454545454,66.66666666666666,0.09977006912231445,20.806684732437134
