Fold,Avg Precision,Avg Recall,Avg F1,Avg pr time,Avg rec time
100.0,37.5,54.54545454545455,0.031215667724609375,11.461758136749268
