Fold,Avg Precision,Avg Recall,Avg F1,Avg pr time,Avg rec time
83.33333333333334,38.46153846153847,52.63157894736843,0.06898641586303711,14.509902477264404
