Fold,Avg Precision,Avg Recall,Avg F1,Avg pr time,Avg rec time
100.0,38.46153846153847,55.555555555555564,0.08421492576599121,21.618380308151245
