Fold,Avg Precision,Avg Recall,Avg F1,Avg pr time,Avg rec time
90.0,18.75,31.03448275862069,0.08042263984680176,27.300011157989502
