Fold,Avg Precision,Avg Recall,Avg F1,Avg pr time,Avg rec time
83.33333333333334,13.157894736842104,22.727272727272727,0.03409695625305176,14.012623071670532
