Fold,Avg Precision,Avg Recall,Avg F1,Avg pr time,Avg rec time
100.0,5.405405405405405,10.256410256410255,0.03131437301635742,11.189122200012207
