Fold,Avg Precision,Avg Recall,Avg F1,Avg pr time,Avg rec time
70.0,50.0,58.333333333333336,0.08399748802185059,20.926799297332764
