Fold,Avg Precision,Avg Recall,Avg F1,Avg pr time,Avg rec time
100.0,46.15384615384615,63.1578947368421,0.04095911979675293,43.64623284339905
