Fold,Avg Precision,Avg Recall,Avg F1,Avg pr time,Avg rec time
100.0,11.627906976744185,20.83333333333333,0.08257460594177246,26.427106142044067
