Fold,Avg Precision,Avg Recall,Avg F1,Avg pr time,Avg rec time
100.0,46.15384615384615,63.1578947368421,0.07990264892578125,23.477442979812622
