Fold,Avg Precision,Avg Recall,Avg F1,Avg pr time,Avg rec time
83.33333333333334,35.714285714285715,50.0,0.08608317375183105,34.49563264846802
