Fold,Avg Precision,Avg Recall,Avg F1,Avg pr time,Avg rec time
100.0,33.33333333333333,50.0,0.03459429740905762,13.72646427154541
