Fold,Avg Precision,Avg Recall,Avg F1,Avg pr time,Avg rec time
90.0,56.25,69.23076923076923,0.07870697975158691,26.659966945648193
