Fold,Avg Precision,Avg Recall,Avg F1,Avg pr time,Avg rec time
100.0,41.66666666666667,58.8235294117647,0.04373884201049805,42.165879249572754
