Fold,Avg Precision,Avg Recall,Avg F1,Avg pr time,Avg rec time
80.0,53.333333333333336,64.0,0.0779416561126709,25.362127542495728
