Fold,Avg Precision,Avg Recall,Avg F1,Avg pr time,Avg rec time
100.0,40.0,57.142857142857146,0.034216880798339844,20.27518081665039
