Fold,Avg Precision,Avg Recall,Avg F1,Avg pr time,Avg rec time
100.0,50.0,66.66666666666667,0.08433675765991211,17.66869831085205
