Fold,Avg Precision,Avg Recall,Avg F1,Avg pr time,Avg rec time
100.0,14.285714285714285,25.0,0.08302474021911621,18.18731141090393
