Fold,Avg Precision,Avg Recall,Avg F1,Avg pr time,Avg rec time
100.0,10.714285714285714,19.35483870967742,0.0853891372680664,22.572799682617188
