Fold,Avg Precision,Avg Recall,Avg F1,Avg pr time,Avg rec time
83.33333333333334,35.714285714285715,50.0,0.04233288764953613,14.643064737319946
