Fold,Avg Precision,Avg Recall,Avg F1,Avg pr time,Avg rec time
80.0,15.384615384615385,25.806451612903224,0.039012908935546875,16.62427544593811
