Fold,Avg Precision,Avg Recall,Avg F1,Avg pr time,Avg rec time
85.71428571428571,50.0,63.157894736842096,0.044266700744628906,54.202467918395996
