Fold,Avg Precision,Avg Recall,Avg F1,Avg pr time,Avg rec time
fold_1,10.76923076923077,6.604130518604203,7.063744836022063,0.020817133096548226,0.9012214037088248
fold_2,15.0,10.222832722832722,11.342592592592593,0.023687322934468586,0.3853288491566976
fold_3,11.428571428571429,12.033943599464545,8.250661375661375,0.020270705223083496,0.6907610382352557
fold_4,13.846153846153847,7.591382975998361,9.341263311851547,0.023971135799701396,0.5262211652902457
fold_5,4.615384615384615,1.7582417582417582,2.435897435897436,0.021832759563739482,0.48817768463721645
