Fold,Avg Precision,Avg Recall,Avg F1,Avg pr time,Avg rec time
fold_1,2.083333333333333,2.083333333333333,2.083333333333333,0.023632779717445374,0.9352087825536728
fold_2,4.444444444444444,2.6666666666666665,3.333333333333333,0.019554758071899415,1.1612929979960123
fold_3,0.0,0.0,0.0,0.022908687591552734,0.6061079081367043
fold_4,1.96078431372549,5.882352941176471,2.9411764705882355,0.022556164685417626,0.5721447748296401
fold_5,4.166666666666666,7.8125,4.910714285714286,0.0217583030462265,0.8423808515071869
