Fold,Avg Precision,Avg Recall,Avg F1,Avg pr time,Avg rec time
fold_1,4.444444444444445,3.143939393939394,3.2870370370370368,0.02392435073852539,1.2519018782509699
fold_2,5.882352941176471,4.563810635916897,4.450211457131872,0.025010501637178308,1.2503576418932747
fold_3,10.588235294117647,18.431372549019606,12.432306255835668,0.019446611404418945,0.7026694522184485
fold_4,5.555555555555555,6.117724867724867,5.568505568505568,0.020446923043992784,0.6029481490453085
fold_5,7.0588235294117645,12.908496732026142,8.193277310924369,0.02436104942770565,0.8299301932839787
