Fold,Avg Precision,Avg Recall,Avg F1,Avg pr time,Avg rec time
29.62962962962963,61.11111111111111,39.07203907203907,0.0475775400797526,4.249679168065389
