Fold,Avg Precision,Avg Recall,Avg F1,Avg pr time,Avg rec time
22.222222222222218,44.444444444444436,28.815628815628813,0.04434672991434733,3.5320910612742105
