Fold,Avg Precision,Avg Recall,Avg F1,Avg pr time,Avg rec time
42.857142857142854,63.46153846153846,49.090909090909086,0.048585971196492515,4.024192810058594
