Fold,Avg Precision,Avg Recall,Avg F1,Avg pr time,Avg rec time
33.333333333333336,72.22222222222221,43.492063492063494,0.04845269521077474,4.102628628412883
