Fold,Avg Precision,Avg Recall,Avg F1,Avg pr time,Avg rec time
42.857142857142854,61.269841269841265,49.047619047619044,0.04835375150044759,3.9175140857696533
