Fold,Avg Precision,Avg Recall,Avg F1,Avg pr time,Avg rec time
53.333333333333336,77.97619047619048,63.126361655773415,0.045170863469441734,4.137054681777954
