Fold,Avg Precision,Avg Recall,Avg F1,Avg pr time,Avg rec time
40.0,79.25925925925925,49.00584795321638,0.05368789037068685,5.23029088973999
