Fold,Avg Precision,Avg Recall,Avg F1,Avg pr time,Avg rec time
26.666666666666668,58.333333333333336,35.068440331598225,0.05117511749267578,4.960274616877238
