Fold,Avg Precision,Avg Recall,Avg F1,Avg pr time,Avg rec time
50.0,56.11111111111111,47.51322751322751,0.049759229024251304,3.961783011754354
