Fold,Avg Precision,Avg Recall,Avg F1,Avg pr time,Avg rec time
3.7037037037037037,2.2222222222222223,2.777777777777778,0.045781850814819336,3.8493080933888755
