Fold,Avg Precision,Avg Recall,Avg F1,Avg pr time,Avg rec time
29.62962962962963,56.666666666666664,38.82783882783883,0.05021953582763672,3.524699846903483
