Fold,Avg Precision,Avg Recall,Avg F1,Avg pr time,Avg rec time
50.0,10.526315789473683,17.391304347826086,0.04992985725402832,28.95114302635193
