Fold,Avg Precision,Avg Recall,Avg F1,Avg pr time,Avg rec time
66.66666666666666,13.333333333333334,22.222222222222225,0.08309221267700195,55.10193419456482
