Fold,Avg Precision,Avg Recall,Avg F1,Avg pr time,Avg rec time
60.0,33.33333333333333,42.857142857142854,0.04024219512939453,33.248642921447754
