Fold,Avg Precision,Avg Recall,Avg F1,Avg pr time,Avg rec time
100.0,36.36363636363637,53.33333333333333,0.07941842079162598,27.665128707885742
