Fold,Avg Precision,Avg Recall,Avg F1,Avg pr time,Avg rec time
100.0,20.0,33.333333333333336,0.04789924621582031,108.7290575504303
