Fold,Avg Precision,Avg Recall,Avg F1,Avg pr time,Avg rec time
75.0,21.428571428571427,33.33333333333333,0.0365757942199707,37.617762327194214
