Fold,Avg Precision,Avg Recall,Avg F1,Avg pr time,Avg rec time
60.0,26.08695652173913,36.36363636363637,0.09059739112854004,35.17873239517212
