Fold,Avg Precision,Avg Recall,Avg F1,Avg pr time,Avg rec time
83.33333333333334,15.625,26.315789473684212,0.09119653701782227,57.3182578086853
