Fold,Avg Precision,Avg Recall,Avg F1,Avg pr time,Avg rec time
40.0,18.181818181818183,25.0,0.0842437744140625,54.244914054870605
