Fold,Avg Precision,Avg Recall,Avg F1,Avg pr time,Avg rec time
83.33333333333334,17.857142857142858,29.41176470588235,0.08675718307495117,52.21282434463501
