Fold,Avg Precision,Avg Recall,Avg F1,Avg pr time,Avg rec time
100.0,50.0,66.66666666666667,0.03183341026306152,22.056070804595947
