Fold,Avg Precision,Avg Recall,Avg F1,Avg pr time,Avg rec time
80.0,47.05882352941176,59.25925925925925,0.09583377838134766,55.61588215827942
