Fold,Avg Precision,Avg Recall,Avg F1,Avg pr time,Avg rec time
75.0,46.15384615384615,57.14285714285714,0.08576798439025879,44.66023826599121
