Fold,Avg Precision,Avg Recall,Avg F1,Avg pr time,Avg rec time
100.0,42.857142857142854,59.99999999999999,0.03557443618774414,36.23934292793274
