Fold,Avg Precision,Avg Recall,Avg F1,Avg pr time,Avg rec time
66.66666666666666,19.047619047619047,29.629629629629626,0.04137396812438965,32.599870443344116
