Fold,Avg Precision,Avg Recall,Avg F1,Avg pr time,Avg rec time
75.0,50.0,60.0,0.03525948524475098,26.558026790618896
