Fold,Avg Precision,Avg Recall,Avg F1,Avg pr time,Avg rec time
75.0,11.538461538461538,20.0,0.08765506744384766,46.92855477333069
