Fold,Avg Precision,Avg Recall,Avg F1,Avg pr time,Avg rec time
60.0,28.57142857142857,38.70967741935484,0.08714652061462402,41.96739602088928
