Fold,Avg Precision,Avg Recall,Avg F1,Avg pr time,Avg rec time
75.0,60.0,66.66666666666667,0.08177304267883301,33.17865705490112
