Fold,Avg Precision,Avg Recall,Avg F1,Avg pr time,Avg rec time
88.88888888888889,16.3265306122449,27.586206896551726,0.05337095260620117,90.2234354019165
