Fold,Avg Precision,Avg Recall,Avg F1,Avg pr time,Avg rec time
87.5,26.923076923076923,41.1764705882353,0.04007577896118164,37.186864137649536
