Fold,Avg Precision,Avg Recall,Avg F1,Avg pr time,Avg rec time
90.0,60.0,72.0,0.08599519729614258,34.73800182342529
