Fold,Avg Precision,Avg Recall,Avg F1,Avg pr time,Avg rec time
90.0,69.23076923076923,78.26086956521739,0.08912777900695801,43.96809911727905
