Fold,Avg Precision,Avg Recall,Avg F1,Avg pr time,Avg rec time
60.0,37.5,46.15384615384615,0.08565235137939453,40.80363988876343
