Fold,Avg Precision,Avg Recall,Avg F1,Avg pr time,Avg rec time
80.0,29.629629629629626,43.24324324324324,0.09202075004577637,57.10378837585449
