Fold,Avg Precision,Avg Recall,Avg F1,Avg pr time,Avg rec time
100.0,19.35483870967742,32.43243243243243,0.08321070671081543,54.03646636009216
