Fold,Avg Precision,Avg Recall,Avg F1,Avg pr time,Avg rec time
80.0,44.44444444444444,57.142857142857146,0.04906511306762695,30.113328218460083
