Fold,Avg Precision,Avg Recall,Avg F1,Avg pr time,Avg rec time
75.0,30.0,42.857142857142854,0.08809566497802734,46.64817023277283
