Fold,Avg Precision,Avg Recall,Avg F1,Avg pr time,Avg rec time
75.0,13.636363636363635,23.076923076923073,0.0864870548248291,36.07613492012024
