Fold,Avg Precision,Avg Recall,Avg F1,Avg pr time,Avg rec time
100.0,38.46153846153847,55.555555555555564,0.035524606704711914,35.229530572891235
