Fold,Avg Precision,Avg Recall,Avg F1,Avg pr time,Avg rec time
70.0,25.0,36.8421052631579,0.0594639778137207,57.54022026062012
