Fold,Avg Precision,Avg Recall,Avg F1,Avg pr time,Avg rec time
100.0,45.45454545454545,62.5,0.07911992073059082,27.229037761688232
