Fold,Avg Precision,Avg Recall,Avg F1,Avg pr time,Avg rec time
88.88888888888889,16.666666666666664,28.07017543859649,0.0553889274597168,107.11605429649353
