Fold,Avg Precision,Avg Recall,Avg F1,Avg pr time,Avg rec time
75.0,12.5,21.428571428571427,0.09012651443481445,45.24513626098633
