Fold,Avg Precision,Avg Recall,Avg F1,Avg pr time,Avg rec time
100.0,26.08695652173913,41.37931034482759,0.037708282470703125,28.444194078445435
