Fold,Avg Precision,Avg Recall,Avg F1,Avg pr time,Avg rec time
83.33333333333334,7.936507936507936,14.492753623188404,0.09459900856018066,73.65838694572449
