Fold,Avg Precision,Avg Recall,Avg F1,Avg pr time,Avg rec time
90.0,20.454545454545457,33.33333333333334,0.09805083274841309,113.18705606460571
