Fold,Avg Precision,Avg Recall,Avg F1,Avg pr time,Avg rec time
75.0,27.27272727272727,40.0,0.03250479698181152,22.28737187385559
