Fold,Avg Precision,Avg Recall,Avg F1,Avg pr time,Avg rec time
60.0,30.0,40.0,0.08509540557861328,52.891218185424805
