Fold,Avg Precision,Avg Recall,Avg F1,Avg pr time,Avg rec time
100.0,23.076923076923077,37.5,0.08435606956481934,35.46236515045166
