Fold,Avg Precision,Avg Recall,Avg F1,Avg pr time,Avg rec time
88.88888888888889,61.53846153846154,72.72727272727272,0.05295205116271973,88.90766882896423
