Fold,Avg Precision,Avg Recall,Avg F1,Avg pr time,Avg rec time
75.0,37.5,50.0,0.08754134178161621,35.08481574058533
